Workbook

Sheet population
B1: 2005
A2: 0 | B2: =96495*(1/3) -> 32165
A3: 1 | B3: 94638
A4: 2 | B4: 94285
A5: 3 | B5: 96372
A6: 4 | B6: 96591
A7: 5 | B7: 98038
A8: 6 | B8: 93837
A9: 7 | B9: 96122
A10: 8 | B10: 98531
A11: 9 | B11: 104398
A12: 10-14 | B12: 584136
A13: 15-19 | B13: 627223
A14: 20+ | B14: 7895915

Sheet population11
B1: 2005
A2: 0 | B2: =population!B2 -> 32165
A3: 1 | B3: =population!B3 -> 94638
A4: 2 | B4: =population!B4 -> 94285
A5: 3 | B5: =population!B5 -> 96372
A6: 4 | B6: =population!B6 -> 96591
A7: 5 | B7: =population!B7 -> 98038
A8: 6 | B8: =population!B8 -> 93837
A9: 7 | B9: =population!B9 -> 96122
A10: 8 | B10: =population!B10 -> 98531
A11: 9 | B11: =population!B11 -> 104398
A12: 10+ | B12: =SUM(population!B12:B14) -> 9107274

Sheet population16
B1: 2005
A2: 0 | B2: =population!B2 -> 32165
A3: 1 | B3: =population!B3 -> 94638
A4: 2 | B4: =population!B4 -> 94285
A5: 3 | B5: =population!B5 -> 96372
A6: 4 | B6: =population!B6 -> 96591
A7: 5 | B7: =population!B7 -> 98038
A8: 6 | B8: =population!B8 -> 93837
A9: 7 | B9: =population!B9 -> 96122
A10: 8 | B10: =population!B10 -> 98531
A11: 9 | B11: =population!B11 -> 104398
A12: 10 | B12: 110654
A13: 11 | B13: 113092
A14: 12 | B14: 115252
A15: 13 | B15: 119977
A16: 14 | B16: 125161
A17: 15+ | B17: =SUM(population!B13:B14) -> 8523138

Sheet population2005-2024
B1: 2005 | C1: 2006 | D1: 2007 | E1: 2008 | F1: 2009 | G1: 2010 | H1: 2011 | I1: 2012 | J1: 2013 | K1: 2014 | L1: 2015 | M1: 2016 | N1: 2017 | O1: 2018 | P1: 2019 | Q1: 2020 | R1: 2021 | S1: 2022 | T1: 2023 | U1: 2024
A2: 0 | B2: 96495 | C2: 96495 | D2: 98867 | E2: 96267 | F2: 97022 | G2: 94859 | H2: 88278 | I2: 88278 | J2: 87680 | K2: 89012 | L2: 89344 | M2: 92855 | N2: 91741 | O2: 94858 | P2: 94086 | Q2: 92521 | R2: 93324 | S2: 93594 | T2: 89471 | U2: 87136
A3: 1 | B3: 94638 | C3: 94638 | D3: 97132 | E3: 99556 | F3: 96799 | G3: 98593 | H3: 91244 | I3: 89906 | J3: 87932 | K3: 90728 | L3: 89676 | M3: 93268 | N3: 91999 | O3: 95162 | P3: 92924 | Q3: 92882 | R3: 93677 | S3: 94583 | T3: 90047 | U3: 87451
A4: 2 | B4: 94285 | C4: 94285 | D4: 95131 | E4: 97688 | F4: 100076 | G4: 97748 | H4: 97905 | I4: 96679 | J4: 90027 | K4: 88050 | L4: 90971 | M4: 89987 | N4: 93369 | O4: 92247 | P4: 94481 | Q4: 93195 | R4: 93107 | S4: 94661 | T4: 94758 | U4: 90204
A5: 3 | B5: 96372 | C5: 96372 | D5: 94498 | E5: 95389 | F5: 97854 | G5: 100313 | H5: 99516 | I5: 99423 | J5: 96807 | K5: 90153 | L5: 88268 | M5: 91335 | N5: 90119 | O5: 93566 | P5: 95655 | Q5: 94699 | R5: 93411 | S5: 91877 | T5: 94749 | U5: 94787
A6: 4 | B6: 96591 | C6: 96591 | D6: 96528 | E6: 94644 | F6: 95530 | G6: 98036 | H6: 98302 | I6: 97391 | J6: 99509 | K6: 96927 | L6: 90395 | M6: 88537 | N6: 91394 | O6: 90295 | P6: 92656 | Q6: 95803 | R6: 94835 | S6: 92611 | T6: 91919 | U6: 94749
A7: 5 | B7: 98038 | C7: 98038 | D7: 96706 | E7: 96681 | F7: 94716 | G7: 95539 | H7: 100143 | I7: 100953 | J7: 97519 | K7: 99619 | L7: 97131 | M7: 90632 | N7: 88553 | O7: 91568 | P7: 93909 | Q7: 92694 | R7: 95918 | S7: 94709 | T7: 92651 | U7: 91907
A8: 6 | B8: 93837 | C8: 93837 | D8: 98150 | E8: 96843 | F8: 96744 | G8: 94723 | H8: 97778 | I8: 97693 | J8: 101219 | K8: 97618 | L8: 99801 | M8: 97323 | N8: 90705 | O8: 88672 | P8: 90576 | Q8: 93914 | R8: 92765 | S8: 95809 | T8: 94592 | U8: 92649
A9: 7 | B9: 96122 | C9: 96122 | D9: 93944 | E9: 98318 | F9: 96910 | G9: 96662 | H9: 93238 | I9: 94168 | J9: 97947 | K9: 101320 | L9: 97877 | M9: 100057 | N9: 97300 | O9: 90758 | P9: 91821 | Q9: 90594 | R9: 93976 | S9: 94089 | T9: 95766 | U9: 94643
A10: 8 | B10: 98531 | C10: 98531 | D10: 96203 | E10: 94091 | F10: 98397 | G10: 96914 | H10: 95609 | I10: 93822 | J10: 94398 | K10: 98030 | L10: 101533 | M10: 98131 | N10: 100067 | O10: 97343 | P10: 88971 | Q10: 91853 | R10: 90644 | S10: 93575 | T10: 94430 | U10: 95832
A11: 9 | B11: 104398 | C11: 104398 | D11: 98617 | E11: 96335 | F11: 94192 | G11: 98383 | H11: 95578 | I11: 96121 | J11: 94036 | K11: 94491 | L11: 98209 | M11: 101758 | N11: 98077 | O11: 100131 | P11: 90885 | Q11: 88954 | R11: 91896 | S11: 89389 | T11: 93929 | U11: 94460
A12: 10-14 | B12: 584136 | C12: 584136 | D12: 563878 | E12: 542990 | F12: 524368 | G12: 505086 | H12: 490068 | I12: 486454 | J12: 482459 | K12: 479536 | L12: 480470 | M12: 481679 | N12: 486424 | O12: 488088 | P12: 496937 | Q12: 489321 | R12: 476345 | S12: 462281 | T12: 455202 | U12: 453909
A13: 15-19 | B13: 627223 | C13: 627223 | D13: 623637 | E13: 619849 | F13: 611292 | G13: 603793 | H13: 593534 | I13: 588428 | J13: 567039 | K13: 544715 | L13: 522097 | M13: 505193 | N13: 493069 | O13: 489340 | P13: 487664 | Q13: 487750 | R13: 492917 | S13: 487900 | T13: 492197 | U13: 493736
A14: 20+ | B14: 7895915 | C14: 7895915 | D14: 7912867 | E14: 7916750 | F14: 7927075 | G14: 7933675 | H14: 7896435 | I14: 7903207 | J14: 7910894 | K14: 7906834 | L14: 7906288 | M14: 7900844 | N14: 7881627 | O14: 7867115 | P14: 7860526 | Q14: 7825789 | R14: 7785925 | S14: 7718789 | T14: 7707251 | U14: 7677012
