Workbook

Sheet varicella
B1: 2005 | C1: 2006 | D1: 2007 | E1: 2008 | F1: 2009 | G1: 2010 | H1: 2011 | I1: 2012 | J1: 2013 | K1: 2014 | L1: 2015 | M1: 2016 | N1: 2017 | O1: 2018 | P1: 2019 | Q1: 2020 | R1: 2021 | S1: 2022 | T1: 2023 | U1: 2024
A2: 0 | B2: 1815 | C2: 1579 | D2: 1633 | E2: 1203 | F2: 1443 | G2: 1320 | H2: 1245 | I2: 1070 | J2: 1252 | K2: 1052 | L2: 1577 | M2: 1518 | N2: 1343 | O2: 948 | P2: 1276 | Q2: 703 | R2: 524 | S2: 602 | T2: 568 | U2: 467
A3: 1 | B3: 2850 | C3: 2515 | D3: 2660 | E3: 2034 | F3: 2397 | G3: 2312 | H3: 2342 | I3: 1700 | J3: 1988 | K3: 1662 | L3: 2581 | M3: 2473 | N3: 1984 | O3: 1418 | P3: 1696 | Q3: 563 | R3: 205 | S3: 310 | T3: 247 | U3: 141
A4: 2 | B4: 3839 | C4: 3352 | D4: 3601 | E4: 2784 | F4: 3155 | G4: 3086 | H4: 3436 | I4: 2639 | J4: 2665 | K4: 2308 | L4: 3747 | M4: 3210 | N4: 2685 | O4: 1824 | P4: 2205 | Q4: 995 | R4: 210 | S4: 101 | T4: 93 | U4: 57
A5: 3 | B5: 7978 | C5: 7278 | D5: 7410 | E5: 5672 | F5: 6618 | G5: 6703 | H5: 6657 | I5: 5740 | J5: 5792 | K5: 4713 | L5: 6992 | M5: 6336 | N5: 5282 | O5: 3937 | P5: 4431 | Q5: 1921 | R5: 1163 | S5: 629 | T5: 145 | U5: 88
A6: 4 | B6: 8954 | C6: 8128 | D6: 8195 | E6: 6207 | F6: 6978 | G6: 7118 | H6: 7244 | I6: 6281 | J6: 6387 | K6: 5225 | L6: 7376 | M6: 6539 | N6: 5779 | O6: 4034 | P6: 4981 | Q6: 2148 | R6: 1554 | S6: 2055 | T6: 651 | U6: 114
A7: 5 | B7: 7872 | C7: 6764 | D7: 7092 | E7: 5301 | F7: 5699 | G7: 6109 | H7: 6077 | I7: 5140 | J7: 5234 | K7: 4560 | L7: 6539 | M7: 5405 | N7: 4743 | O7: 3487 | P7: 4557 | Q7: 1954 | R7: 1569 | S7: 2325 | T7: 2138 | U7: 472
A8: 6 | B8: 5673 | C8: 4856 | D8: 5148 | E8: 3813 | F8: 4313 | G8: 4117 | H8: 4132 | I8: 3516 | J8: 3790 | K8: 3200 | L8: 4523 | M8: 4056 | N8: 3460 | O8: 2569 | P8: 3562 | Q8: 1527 | R8: 1406 | S8: 2123 | T8: 2438 | U8: 1615
A9: 7 | B9: 3653 | C9: 2890 | D9: 2968 | E9: 2351 | F9: 2432 | G9: 2332 | H9: 2362 | I9: 1972 | J9: 2125 | K9: 1808 | L9: 2551 | M9: 2332 | N9: 2147 | O9: 1593 | P9: 2187 | Q9: 1116 | R9: 989 | S9: 1966 | T9: 2540 | U9: 2323
A10: 8 | B10: 2453 | C10: 2018 | D10: 2193 | E10: 1523 | F10: 1623 | G10: 1464 | H10: 1581 | I10: 1363 | J10: 1268 | K10: 1068 | L10: 1609 | M10: 1564 | N10: 1657 | O10: 1219 | P10: 1419 | Q10: 708 | R10: 671 | S10: 1585 | T10: 1978 | U10: 1854
A11: 9 | B11: 1815 | C11: 1495 | D11: 1578 | E11: 1086 | F11: 1131 | G11: 1025 | H11: 1198 | I11: 804 | J11: 890 | K11: 647 | L11: 1038 | M11: 1068 | N11: 1043 | O11: 784 | P11: 998 | Q11: 520 | R11: 413 | S11: 1010 | T11: 1449 | U11: 1420
A12: 10-14 | B12: 3619 | C12: 3433 | D12: 3809 | E12: 2863 | F12: 2995 | G12: 2561 | H12: 2458 | I12: 1971 | J12: 2011 | K12: 1590 | L12: 1982 | M12: 2227 | N12: 2175 | O12: 1635 | P12: 2189 | Q12: 991 | R12: 958 | S12: 1921 | T12: 2743 | U12: 2674
A13: 15-19 | B13: 595 | C13: 646 | D13: 713 | E13: 589 | F13: 652 | G13: 563 | H13: 648 | I13: 458 | J13: 483 | K13: 435 | L13: 469 | M13: 472 | N13: 475 | O13: 310 | P13: 388 | Q13: 163 | R13: 124 | S13: 244 | T13: 308 | U13: 285
A14: 20+ | B14: 1492 | C14: 1418 | D14: 1313 | E14: 986 | F14: 1024 | G14: 892 | H14: 1009 | I14: 800 | J14: 713 | K14: 614 | L14: 636 | M14: 643 | N14: 619 | O14: 418 | P14: 513 | Q14: 291 | R14: 230 | S14: 325 | T14: 279 | U14: 238

Sheet varicella11
B1: 2005 | C1: 2006 | D1: 2007 | E1: 2008 | F1: 2009 | G1: 2010 | H1: 2011 | I1: 2012 | J1: 2013 | K1: 2014 | L1: 2015 | M1: 2016 | N1: 2017 | O1: 2018 | P1: 2019 | Q1: 2020 | R1: 2021 | S1: 2022 | T1: 2023 | U1: 2024
A2: 0 | B2: =varicella!B2 -> 1815 | C2: =varicella!C2 -> 1579 | D2: =varicella!D2 -> 1633 | E2: =varicella!E2 -> 1203 | F2: =varicella!F2 -> 1443 | G2: =varicella!G2 -> 1320 | H2: =varicella!H2 -> 1245 | I2: =varicella!I2 -> 1070 | ... U2: =varicella!U2 -> 467
A3: 1 | B3: =varicella!B3 -> 2850 | C3: =varicella!C3 -> 2515 | D3: =varicella!D3 -> 2660 | E3: =varicella!E3 -> 2034 | F3: =varicella!F3 -> 2397 | G3: =varicella!G3 -> 2312 | H3: =varicella!H3 -> 2342 | I3: =varicella!I3 -> 1700 | ... U3: =varicella!U3 -> 141
A4: 2 | B4: =varicella!B4 -> 3839 | C4: =varicella!C4 -> 3352 | D4: =varicella!D4 -> 3601 | E4: =varicella!E4 -> 2784 | F4: =varicella!F4 -> 3155 | G4: =varicella!G4 -> 3086 | H4: =varicella!H4 -> 3436 | I4: =varicella!I4 -> 2639 | ... U4: =varicella!U4 -> 57
A5: 3 | B5: =varicella!B5 -> 7978 | C5: =varicella!C5 -> 7278 | D5: =varicella!D5 -> 7410 | E5: =varicella!E5 -> 5672 | F5: =varicella!F5 -> 6618 | G5: =varicella!G5 -> 6703 | H5: =varicella!H5 -> 6657 | I5: =varicella!I5 -> 5740 | ... U5: =varicella!U5 -> 88
A6: 4 | B6: =varicella!B6 -> 8954 | C6: =varicella!C6 -> 8128 | D6: =varicella!D6 -> 8195 | E6: =varicella!E6 -> 6207 | F6: =varicella!F6 -> 6978 | G6: =varicella!G6 -> 7118 | H6: =varicella!H6 -> 7244 | I6: =varicella!I6 -> 6281 | ... U6: =varicella!U6 -> 114
A7: 5 | B7: =varicella!B7 -> 7872 | C7: =varicella!C7 -> 6764 | D7: =varicella!D7 -> 7092 | E7: =varicella!E7 -> 5301 | F7: =varicella!F7 -> 5699 | G7: =varicella!G7 -> 6109 | H7: =varicella!H7 -> 6077 | I7: =varicella!I7 -> 5140 | ... U7: =varicella!U7 -> 472
A8: 6 | B8: =varicella!B8 -> 5673 | C8: =varicella!C8 -> 4856 | D8: =varicella!D8 -> 5148 | E8: =varicella!E8 -> 3813 | F8: =varicella!F8 -> 4313 | G8: =varicella!G8 -> 4117 | H8: =varicella!H8 -> 4132 | I8: =varicella!I8 -> 3516 | ... U8: =varicella!U8 -> 1615
A9: 7 | B9: =varicella!B9 -> 3653 | C9: =varicella!C9 -> 2890 | D9: =varicella!D9 -> 2968 | E9: =varicella!E9 -> 2351 | F9: =varicella!F9 -> 2432 | G9: =varicella!G9 -> 2332 | H9: =varicella!H9 -> 2362 | I9: =varicella!I9 -> 1972 | ... U9: =varicella!U9 -> 2323
A10: 8 | B10: =varicella!B10 -> 2453 | C10: =varicella!C10 -> 2018 | D10: =varicella!D10 -> 2193 | E10: =varicella!E10 -> 1523 | F10: =varicella!F10 -> 1623 | G10: =varicella!G10 -> 1464 | H10: =varicella!H10 -> 1581 | I10: =varicella!I10 -> 1363 | ... U10: =varicella!U10 -> 1854
A11: 9 | B11: =varicella!B11 -> 1815 | C11: =varicella!C11 -> 1495 | D11: =varicella!D11 -> 1578 | E11: =varicella!E11 -> 1086 | F11: =varicella!F11 -> 1131 | G11: =varicella!G11 -> 1025 | H11: =varicella!H11 -> 1198 | I11: =varicella!I11 -> 804 | ... U11: =varicella!U11 -> 1420
A12: 10+ | B12: =SUM(varicella!B12:B14) -> 5706 | C12: =SUM(varicella!C12:C14) -> 5497 | D12: =SUM(varicella!D12:D14) -> 5835 | E12: =SUM(varicella!E12:E14) -> 4438 | F12: =SUM(varicella!F12:F14) -> 4671 | G12: =SUM(varicella!G12:G14) -> 4016 | H12: =SUM(varicella!H12:H14) -> 4115 | I12: =SUM(varicella!I12:I14) -> 3229 | ... U12: =SUM(varicella!U12:U14) -> 3197

Sheet varicella16
B1: 2005 | C1: 2006 | D1: 2007 | E1: 2008 | F1: 2009 | G1: 2010 | H1: 2011 | I1: 2012 | J1: 2013 | K1: 2014 | L1: 2015 | M1: 2016 | N1: 2017 | O1: 2018 | P1: 2019 | Q1: 2020 | R1: 2021 | S1: 2022 | T1: 2023 | U1: 2024
A2: 0 | B2: =varicella!B2 -> 1815 | C2: =varicella!C2 -> 1579 | D2: =varicella!D2 -> 1633 | E2: =varicella!E2 -> 1203 | F2: =varicella!F2 -> 1443 | G2: =varicella!G2 -> 1320 | H2: =varicella!H2 -> 1245 | I2: =varicella!I2 -> 1070 | ... U2: =varicella!U2 -> 467
A3: 1 | B3: =varicella!B3 -> 2850 | C3: =varicella!C3 -> 2515 | D3: =varicella!D3 -> 2660 | E3: =varicella!E3 -> 2034 | F3: =varicella!F3 -> 2397 | G3: =varicella!G3 -> 2312 | H3: =varicella!H3 -> 2342 | I3: =varicella!I3 -> 1700 | ... U3: =varicella!U3 -> 141
A4: 2 | B4: =varicella!B4 -> 3839 | C4: =varicella!C4 -> 3352 | D4: =varicella!D4 -> 3601 | E4: =varicella!E4 -> 2784 | F4: =varicella!F4 -> 3155 | G4: =varicella!G4 -> 3086 | H4: =varicella!H4 -> 3436 | I4: =varicella!I4 -> 2639 | ... U4: =varicella!U4 -> 57
A5: 3 | B5: =varicella!B5 -> 7978 | C5: =varicella!C5 -> 7278 | D5: =varicella!D5 -> 7410 | E5: =varicella!E5 -> 5672 | F5: =varicella!F5 -> 6618 | G5: =varicella!G5 -> 6703 | H5: =varicella!H5 -> 6657 | I5: =varicella!I5 -> 5740 | ... U5: =varicella!U5 -> 88
A6: 4 | B6: =varicella!B6 -> 8954 | C6: =varicella!C6 -> 8128 | D6: =varicella!D6 -> 8195 | E6: =varicella!E6 -> 6207 | F6: =varicella!F6 -> 6978 | G6: =varicella!G6 -> 7118 | H6: =varicella!H6 -> 7244 | I6: =varicella!I6 -> 6281 | ... U6: =varicella!U6 -> 114
A7: 5 | B7: =varicella!B7 -> 7872 | C7: =varicella!C7 -> 6764 | D7: =varicella!D7 -> 7092 | E7: =varicella!E7 -> 5301 | F7: =varicella!F7 -> 5699 | G7: =varicella!G7 -> 6109 | H7: =varicella!H7 -> 6077 | I7: =varicella!I7 -> 5140 | ... U7: =varicella!U7 -> 472
A8: 6 | B8: =varicella!B8 -> 5673 | C8: =varicella!C8 -> 4856 | D8: =varicella!D8 -> 5148 | E8: =varicella!E8 -> 3813 | F8: =varicella!F8 -> 4313 | G8: =varicella!G8 -> 4117 | H8: =varicella!H8 -> 4132 | I8: =varicella!I8 -> 3516 | ... U8: =varicella!U8 -> 1615
A9: 7 | B9: =varicella!B9 -> 3653 | C9: =varicella!C9 -> 2890 | D9: =varicella!D9 -> 2968 | E9: =varicella!E9 -> 2351 | F9: =varicella!F9 -> 2432 | G9: =varicella!G9 -> 2332 | H9: =varicella!H9 -> 2362 | I9: =varicella!I9 -> 1972 | ... U9: =varicella!U9 -> 2323
A10: 8 | B10: =varicella!B10 -> 2453 | C10: =varicella!C10 -> 2018 | D10: =varicella!D10 -> 2193 | E10: =varicella!E10 -> 1523 | F10: =varicella!F10 -> 1623 | G10: =varicella!G10 -> 1464 | H10: =varicella!H10 -> 1581 | I10: =varicella!I10 -> 1363 | ... U10: =varicella!U10 -> 1854
A11: 9 | B11: =varicella!B11 -> 1815 | C11: =varicella!C11 -> 1495 | D11: =varicella!D11 -> 1578 | E11: =varicella!E11 -> 1086 | F11: =varicella!F11 -> 1131 | G11: =varicella!G11 -> 1025 | H11: =varicella!H11 -> 1198 | I11: =varicella!I11 -> 804 | ... U11: =varicella!U11 -> 1420
A12: 10 | B12: 1242 | C12: 1195 | D12: 1185 | E12: 895 | F12: 901 | G12: 771 | H12: 754 | I12: 608 | J12: 638 | K12: 520 | L12: 692 | M12: 761 | N12: 755 | O12: 581 | P12: 812 | Q12: 316 | R12: 334 | S12: 690 | T12: 995 | U12: 981
A13: 11 | B13: 840 | C13: 784 | D13: 911 | E13: 676 | F13: 704 | G13: 540 | H13: 553 | I13: 496 | J13: 510 | K13: 350 | L13: 460 | M13: 535 | N13: 482 | O13: 372 | P13: 490 | Q13: 236 | R13: 229 | S13: 443 | T13: 667 | U13: 649
A14: 12 | B14: 594 | C14: 606 | D14: 731 | E14: 569 | F14: 534 | G14: 512 | H14: 448 | I14: 341 | J14: 392 | K14: 287 | L14: 361 | M14: 392 | N14: 388 | O14: 283 | P14: 390 | Q14: 187 | R14: 176 | S14: 328 | T14: 450 | U14: 490
A15: 13 | B15: 583 | C15: 522 | D15: 564 | E15: 364 | F15: 512 | G15: 381 | H15: 385 | I15: 293 | J15: 248 | K15: 248 | L15: 266 | M15: 286 | N15: 307 | O15: 231 | P15: 301 | Q15: 141 | R15: 138 | S15: 281 | T15: 382 | U15: 328
A16: 14 | B16: 360 | C16: 326 | D16: 418 | E16: 359 | F16: 344 | G16: 357 | H16: 318 | I16: 233 | J16: 223 | K16: 185 | L16: 203 | M16: 253 | N16: 243 | O16: 168 | P16: 196 | Q16: 111 | R16: 81 | S16: 179 | T16: 249 | U16: 226
A17: 15+ | B17: =SUM(varicella!B13:B14) -> 2087 | C17: =SUM(varicella!C13:C14) -> 2064 | D17: =SUM(varicella!D13:D14) -> 2026 | E17: =SUM(varicella!E13:E14) -> 1575 | F17: =SUM(varicella!F13:F14) -> 1676 | G17: =SUM(varicella!G13:G14) -> 1455 | H17: =SUM(varicella!H13:H14) -> 1657 | I17: =SUM(varicella!I13:I14) -> 1258 | ... U17: =SUM(varicella!U13:U14) -> 523
B18: =SUM(B2:B17) -> 52608 | C18: =SUM(C2:C17) -> 46372 | D18: =SUM(D2:D17) -> 48313 | E18: =SUM(E2:E17) -> 36412 | F18: =SUM(F2:F17) -> 40460 | G18: =SUM(G2:G17) -> 39602 | H18: =SUM(H2:H17) -> 40389 | I18: =SUM(I2:I17) -> 33454 | ... U18: =SUM(U2:U17) -> 11748

Sheet age_distribution
B1: 2005 | C1: 2006 | D1: 2007 | E1: 2008 | F1: 2009 | G1: 2010 | H1: 2011 | I1: 2012 | J1: 2013 | K1: 2014 | L1: 2015 | M1: 2016 | N1: 2017 | O1: 2018 | P1: 2019 | Q1: 2020 | R1: 2021 | S1: 2022 | T1: 2023 | U1: 2024
A2: 0 | B2: =varicella16!B2/varicella16!B$18 -> 0.034500456 | C2: =varicella16!C2/varicella16!C$18 -> 0.03405072 | D2: =varicella16!D2/varicella16!D$18 -> 0.033800426 | E2: =varicella16!E2/varicella16!E$18 -> 0.033038559 | F2: =varicella16!F2/varicella16!F$18 -> 0.035664854 | G2: =varicella16!G2/varicella16!G$18 -> 0.03333165 | H2: =varicella16!H2/varicella16!H$18 -> 0.030825225 | I2: =varicella16!I2/varicella16!I$18 -> 0.031984217 | ... U2: =varicella16!U2/varicella16!U$18 -> 0.039751447
A3: 1 | B3: =varicella16!B3/varicella16!B$18 -> 0.05417427 | C3: =varicella16!C3/varicella16!C$18 -> 0.054235314 | D3: =varicella16!D3/varicella16!D$18 -> 0.055057645 | E3: =varicella16!E3/varicella16!E$18 -> 0.055860705 | F3: =varicella16!F3/varicella16!F$18 -> 0.059243697 | G3: =varicella16!G3/varicella16!G$18 -> 0.05838089 | H3: =varicella16!H3/varicella16!H$18 -> 0.057986085 | I3: =varicella16!I3/varicella16!I$18 -> 0.050816046 | ... U3: =varicella16!U3/varicella16!U$18 -> 0.012002043
A4: 2 | B4: =varicella16!B4/varicella16!B$18 -> 0.072973692 | C4: =varicella16!C4/varicella16!C$18 -> 0.072285 | D4: =varicella16!D4/varicella16!D$18 -> 0.074534804 | E4: =varicella16!E4/varicella16!E$18 -> 0.07645831 | F4: =varicella16!F4/varicella16!F$18 -> 0.07797825 | G4: =varicella16!G4/varicella16!G$18 -> 0.077925357 | H4: =varicella16!H4/varicella16!H$18 -> 0.085072668 | I4: =varicella16!I4/varicella16!I$18 -> 0.078884438 | ... U4: =varicella16!U4/varicella16!U$18 -> 0.0048518897
A5: 3 | B5: =varicella16!B5/varicella16!B$18 -> 0.15164994 | C5: =varicella16!C5/varicella16!C$18 -> 0.15694816 | D5: =varicella16!D5/varicella16!D$18 -> 0.15337487 | E5: =varicella16!E5/varicella16!E$18 -> 0.15577282 | F5: =varicella16!F5/varicella16!F$18 -> 0.16356896 | G5: =varicella16!G5/varicella16!G$18 -> 0.16925913 | H5: =varicella16!H5/varicella16!H$18 -> 0.16482211 | I5: =varicella16!I5/varicella16!I$18 -> 0.17157888 | ... U5: =varicella16!U5/varicella16!U$18 -> 0.0074906367
A6: 4 | B6: =varicella16!B6/varicella16!B$18 -> 0.17020225 | C6: =varicella16!C6/varicella16!C$18 -> 0.17527819 | D6: =varicella16!D6/varicella16!D$18 -> 0.16962308 | E6: =varicella16!E6/varicella16!E$18 -> 0.17046578 | F6: =varicella16!F6/varicella16!F$18 -> 0.17246663 | G6: =varicella16!G6/varicella16!G$18 -> 0.1797384 | H6: =varicella16!H6/varicella16!H$18 -> 0.17935577 | I6: =varicella16!I6/varicella16!I$18 -> 0.18775034 | ... U6: =varicella16!U6/varicella16!U$18 -> 0.0097037794
A7: 5 | B7: =varicella16!B7/varicella16!B$18 -> 0.14963504 | C7: =varicella16!C7/varicella16!C$18 -> 0.14586388 | D7: =varicella16!D7/varicella16!D$18 -> 0.14679279 | E7: =varicella16!E7/varicella16!E$18 -> 0.14558387 | F7: =varicella16!F7/varicella16!F$18 -> 0.14085517 | G7: =varicella16!G7/varicella16!G$18 -> 0.15425989 | H7: =varicella16!H7/varicella16!H$18 -> 0.15046176 | I7: =varicella16!I7/varicella16!I$18 -> 0.15364381 | ... U7: =varicella16!U7/varicella16!U$18 -> 0.040177051
A8: 6 | B8: =varicella16!B8/varicella16!B$18 -> 0.10783531 | C8: =varicella16!C8/varicella16!C$18 -> 0.10471836 | D8: =varicella16!D8/varicella16!D$18 -> 0.10655517 | E8: =varicella16!E8/varicella16!E$18 -> 0.10471822 | F8: =varicella16!F8/varicella16!F$18 -> 0.10659911 | G8: =varicella16!G8/varicella16!G$18 -> 0.1039594 | H8: =varicella16!H8/varicella16!H$18 -> 0.10230508 | I8: =varicella16!I8/varicella16!I$18 -> 0.10509954 | ... U8: =varicella16!U8/varicella16!U$18 -> 0.13747021
A9: 7 | B9: =varicella16!B9/varicella16!B$18 -> 0.069438108 | C9: =varicella16!C9/varicella16!C$18 -> 0.062322091 | D9: =varicella16!D9/varicella16!D$18 -> 0.061432741 | E9: =varicella16!E9/varicella16!E$18 -> 0.064566626 | F9: =varicella16!F9/varicella16!F$18 -> 0.060108749 | G9: =varicella16!G9/varicella16!G$18 -> 0.058885915 | H9: =varicella16!H9/varicella16!H$18 -> 0.05848127 | I9: =varicella16!I9/varicella16!I$18 -> 0.058946613 | ... U9: =varicella16!U9/varicella16!U$18 -> 0.19773578
A10: 8 | B10: =varicella16!B10/varicella16!B$18 -> 0.046627889 | C10: =varicella16!C10/varicella16!C$18 -> 0.04351764 | D10: =varicella16!D10/varicella16!D$18 -> 0.04539151 | E10: =varicella16!E10/varicella16!E$18 -> 0.04182687 | F10: =varicella16!F10/varicella16!F$18 -> 0.040113693 | G10: =varicella16!G10/varicella16!G$18 -> 0.03696783 | H10: =varicella16!H10/varicella16!H$18 -> 0.039144321 | I10: =varicella16!I10/varicella16!I$18 -> 0.040742512 | ... U10: =varicella16!U10/varicella16!U$18 -> 0.1578141
A11: 9 | B11: =varicella16!B11/varicella16!B$18 -> 0.034500456 | C11: =varicella16!C11/varicella16!C$18 -> 0.032239282 | D11: =varicella16!D11/varicella16!D$18 -> 0.032662016 | E11: =varicella16!E11/varicella16!E$18 -> 0.029825332 | F11: =varicella16!F11/varicella16!F$18 -> 0.027953534 | G11: =varicella16!G11/varicella16!G$18 -> 0.025882531 | H11: =varicella16!H11/varicella16!H$18 -> 0.029661542 | I11: =varicella16!I11/varicella16!I$18 -> 0.024033001 | ... U11: =varicella16!U11/varicella16!U$18 -> 0.12087164
A12: 10 | B12: =varicella16!B12/varicella16!B$18 -> 0.023608577 | C12: =varicella16!C12/varicella16!C$18 -> 0.025769861 | D12: =varicella16!D12/varicella16!D$18 -> 0.02452756 | E12: =varicella16!E12/varicella16!E$18 -> 0.024579809 | F12: =varicella16!F12/varicella16!F$18 -> 0.022268908 | G12: =varicella16!G12/varicella16!G$18 -> 0.019468714 | H12: =varicella16!H12/varicella16!H$18 -> 0.018668449 | I12: =varicella16!I12/varicella16!I$18 -> 0.018174209 | ... U12: =varicella16!U12/varicella16!U$18 -> 0.083503575
A13: 11 | B13: =varicella16!B13/varicella16!B$18 -> 0.015967153 | C13: =varicella16!C13/varicella16!C$18 -> 0.016906754 | D13: =varicella16!D13/varicella16!D$18 -> 0.018856208 | E13: =varicella16!E13/varicella16!E$18 -> 0.018565308 | F13: =varicella16!F13/varicella16!F$18 -> 0.017399901 | G13: =varicella16!G13/varicella16!G$18 -> 0.013635675 | H13: =varicella16!H13/varicella16!H$18 -> 0.013691847 | I13: =varicella16!I13/varicella16!I$18 -> 0.014826329 | ... U13: =varicella16!U13/varicella16!U$18 -> 0.055243446
... A16: 14 | B16: =varicella16!B16/varicella16!B$18 -> 0.0068430657 | C16: =varicella16!C16/varicella16!C$18 -> 0.0070301044 | D16: =varicella16!D16/varicella16!D$18 -> 0.0086519156 | E16: =varicella16!E16/varicella16!E$18 -> 0.009859387 | F16: =varicella16!F16/varicella16!F$18 -> 0.0085022244 | G16: =varicella16!G16/varicella16!G$18 -> 0.0090146962 | H16: =varicella16!H16/varicella16!H$18 -> 0.0078734309 | I16: =varicella16!I16/varicella16!I$18 -> 0.0069647875 | ... U16: =varicella16!U16/varicella16!U$18 -> 0.019237317
A17: 15+ | B17: =varicella16!B17/varicella16!B$18 -> 0.039670773 | C17: =varicella16!C17/varicella16!C$18 -> 0.044509618 | D17: =varicella16!D17/varicella16!D$18 -> 0.041934883 | E17: =varicella16!E17/varicella16!E$18 -> 0.043254971 | F17: =varicella16!F17/varicella16!F$18 -> 0.041423628 | G17: =varicella16!G17/varicella16!G$18 -> 0.036740569 | H17: =varicella16!H17/varicella16!H$18 -> 0.041026022 | I17: =varicella16!I17/varicella16!I$18 -> 0.037603874 | ... U17: =varicella16!U17/varicella16!U$18 -> 0.044518216
B18: =SUM(B2:B17) -> 1 | C18: =SUM(C2:C17) -> 1 | D18: =SUM(D2:D17) -> 1 | E18: =SUM(E2:E17) -> 1 | F18: =SUM(F2:F17) -> 1 | G18: =SUM(G2:G17) -> 1 | H18: =SUM(H2:H17) -> 1 | I18: =SUM(I2:I17) -> 1 | ... U18: =SUM(U2:U17) -> 1

Sheet varicella16_relative
B1: 2005 | C1: 2006 | D1: 2007 | E1: 2008 | F1: 2009 | G1: 2010 | H1: 2011 | I1: 2012 | J1: 2013 | K1: 2014 | L1: 2015 | M1: 2016 | N1: 2017 | O1: 2018 | P1: 2019 | Q1: 2020 | R1: 2021 | S1: 2022 | T1: 2023 | U1: 2024
A2: 0 | B2: =varicella!B2/'[1]population2005-2024'!$B$2 -> 0.018809265 | C2: =varicella!C2/'[1]population2005-2024'!$B$2 -> 0.016363542 | D2: =varicella!D2/'[1]population2005-2024'!$B$2 -> 0.016923157 | E2: =varicella!E2/'[1]population2005-2024'!$B$2 -> 0.012466967 | F2: =varicella!F2/'[1]population2005-2024'!$B$2 -> 0.014954143 | G2: =varicella!G2/'[1]population2005-2024'!$B$2 -> 0.013679465 | H2: =varicella!H2/'[1]population2005-2024'!$B$2 -> 0.012902223 | I2: =varicella!I2/'[1]population2005-2024'!$B$2 -> 0.011088657 | ... U2: =varicella!U2/'[1]population2005-2024'!$B$2 -> 0.004839629
A3: 1 | B3: =varicella!B3/'[1]population2005-2024'!$B$2 -> 0.029535209 | C3: =varicella!C3/'[1]population2005-2024'!$B$2 -> 0.026063527 | D3: =varicella!D3/'[1]population2005-2024'!$B$2 -> 0.027566195 | E3: =varicella!E3/'[1]population2005-2024'!$B$2 -> 0.021078812 | F3: =varicella!F3/'[1]population2005-2024'!$B$2 -> 0.024840665 | G3: =varicella!G3/'[1]population2005-2024'!$B$2 -> 0.023959791 | H3: =varicella!H3/'[1]population2005-2024'!$B$2 -> 0.024270688 | I3: =varicella!I3/'[1]population2005-2024'!$B$2 -> 0.017617493 | ... U3: =varicella!U3/'[1]population2005-2024'!$B$2 -> 0.0014612156
A4: 2 | B4: =varicella!B4/'[1]population2005-2024'!$B$2 -> 0.039784445 | C4: =varicella!C4/'[1]population2005-2024'!$B$2 -> 0.034737551 | D4: =varicella!D4/'[1]population2005-2024'!$B$2 -> 0.037317996 | E4: =varicella!E4/'[1]population2005-2024'!$B$2 -> 0.028851236 | F4: =varicella!F4/'[1]population2005-2024'!$B$2 -> 0.032695995 | G4: =varicella!G4/'[1]population2005-2024'!$B$2 -> 0.031980932 | H4: =varicella!H4/'[1]population2005-2024'!$B$2 -> 0.035608063 | I4: =varicella!I4/'[1]population2005-2024'!$B$2 -> 0.027348567 | ... U4: =varicella!U4/'[1]population2005-2024'!$B$2 -> 0.00059070418
A5: 3 | B5: =varicella!B5/'[1]population2005-2024'!$B$2 -> 0.082677859 | C5: =varicella!C5/'[1]population2005-2024'!$B$2 -> 0.075423597 | D5: =varicella!D5/'[1]population2005-2024'!$B$2 -> 0.076791544 | E5: =varicella!E5/'[1]population2005-2024'!$B$2 -> 0.058780248 | F5: =varicella!F5/'[1]population2005-2024'!$B$2 -> 0.068583864 | G5: =varicella!G5/'[1]population2005-2024'!$B$2 -> 0.069464739 | H5: =varicella!H5/'[1]population2005-2024'!$B$2 -> 0.06898803 | I5: =varicella!I5/'[1]population2005-2024'!$B$2 -> 0.059484947 | ... U5: =varicella!U5/'[1]population2005-2024'!$B$2 -> 0.00091196435
A6: 4 | B6: =varicella!B6/'[1]population2005-2024'!$B$2 -> 0.092792373 | C6: =varicella!C6/'[1]population2005-2024'!$B$2 -> 0.084232344 | D6: =varicella!D6/'[1]population2005-2024'!$B$2 -> 0.08492668 | E6: =varicella!E6/'[1]population2005-2024'!$B$2 -> 0.064324576 | F6: =varicella!F6/'[1]population2005-2024'!$B$2 -> 0.072314628 | G6: =varicella!G6/'[1]population2005-2024'!$B$2 -> 0.07376548 | H6: =varicella!H6/'[1]population2005-2024'!$B$2 -> 0.075071247 | I6: =varicella!I6/'[1]population2005-2024'!$B$2 -> 0.065091456 | ... U6: =varicella!U6/'[1]population2005-2024'!$B$2 -> 0.0011814084
A7: 5 | B7: =varicella!B7/'[1]population2005-2024'!$B$2 -> 0.081579356 | C7: =varicella!C7/'[1]population2005-2024'!$B$2 -> 0.070096896 | D7: =varicella!D7/'[1]population2005-2024'!$B$2 -> 0.073496036 | E7: =varicella!E7/'[1]population2005-2024'!$B$2 -> 0.054935489 | F7: =varicella!F7/'[1]population2005-2024'!$B$2 -> 0.059060055 | G7: =varicella!G7/'[1]population2005-2024'!$B$2 -> 0.06330898 | H7: =varicella!H7/'[1]population2005-2024'!$B$2 -> 0.062977356 | I7: =varicella!I7/'[1]population2005-2024'!$B$2 -> 0.053267009 | ... U7: =varicella!U7/'[1]population2005-2024'!$B$2 -> 0.0048914452
A8: 6 | B8: =varicella!B8/'[1]population2005-2024'!$B$2 -> 0.058790611 | C8: =varicella!C8/'[1]population2005-2024'!$B$2 -> 0.050323851 | D8: =varicella!D8/'[1]population2005-2024'!$B$2 -> 0.053349915 | E8: =varicella!E8/'[1]population2005-2024'!$B$2 -> 0.039515001 | F8: =varicella!F8/'[1]population2005-2024'!$B$2 -> 0.044696616 | G8: =varicella!G8/'[1]population2005-2024'!$B$2 -> 0.042665423 | H8: =varicella!H8/'[1]population2005-2024'!$B$2 -> 0.042820872 | I8: =varicella!I8/'[1]population2005-2024'!$B$2 -> 0.036437121 | ... U8: =varicella!U8/'[1]population2005-2024'!$B$2 -> 0.016736618
A9: 7 | B9: =varicella!B9/'[1]population2005-2024'!$B$2 -> 0.037856884 | C9: =varicella!C9/'[1]population2005-2024'!$B$2 -> 0.029949738 | D9: =varicella!D9/'[1]population2005-2024'!$B$2 -> 0.03075807 | E9: =varicella!E9/'[1]population2005-2024'!$B$2 -> 0.024363957 | F9: =varicella!F9/'[1]population2005-2024'!$B$2 -> 0.025203378 | G9: =varicella!G9/'[1]population2005-2024'!$B$2 -> 0.024167055 | H9: =varicella!H9/'[1]population2005-2024'!$B$2 -> 0.024477952 | I9: =varicella!I9/'[1]population2005-2024'!$B$2 -> 0.020436292 | ... U9: =varicella!U9/'[1]population2005-2024'!$B$2 -> 0.024073786
A10: 8 | B10: =varicella!B10/'[1]population2005-2024'!$B$2 -> 0.025421006 | C10: =varicella!C10/'[1]population2005-2024'!$B$2 -> 0.020913001 | D10: =varicella!D10/'[1]population2005-2024'!$B$2 -> 0.022726566 | E10: =varicella!E10/'[1]population2005-2024'!$B$2 -> 0.015783201 | F10: =varicella!F10/'[1]population2005-2024'!$B$2 -> 0.016819524 | G10: =varicella!G10/'[1]population2005-2024'!$B$2 -> 0.015171771 | H10: =varicella!H10/'[1]population2005-2024'!$B$2 -> 0.016384269 | I10: =varicella!I10/'[1]population2005-2024'!$B$2 -> 0.014125084 | ... U10: =varicella!U10/'[1]population2005-2024'!$B$2 -> 0.019213431
A11: 9 | B11: =varicella!B11/'[1]population2005-2024'!$B$2 -> 0.018809265 | C11: =varicella!C11/'[1]population2005-2024'!$B$2 -> 0.015493031 | D11: =varicella!D11/'[1]population2005-2024'!$B$2 -> 0.016353179 | E11: =varicella!E11/'[1]population2005-2024'!$B$2 -> 0.011254469 | F11: =varicella!F11/'[1]population2005-2024'!$B$2 -> 0.011720815 | G11: =varicella!G11/'[1]population2005-2024'!$B$2 -> 0.010622312 | H11: =varicella!H11/'[1]population2005-2024'!$B$2 -> 0.012415151 | I11: =varicella!I11/'[1]population2005-2024'!$B$2 -> 0.0083320379 | ... U11: =varicella!U11/'[1]population2005-2024'!$B$2 -> 0.014715788
A12: 10-14 | B12: =varicella!B12/'[1]population2005-2024'!$B$2 -> 0.037504534 | C12: =varicella!C12/'[1]population2005-2024'!$B$2 -> 0.035576973 | D12: =varicella!D12/'[1]population2005-2024'!$B$2 -> 0.039473548 | E12: =varicella!E12/'[1]population2005-2024'!$B$2 -> 0.029669931 | F12: =varicella!F12/'[1]population2005-2024'!$B$2 -> 0.031037878 | G12: =varicella!G12/'[1]population2005-2024'!$B$2 -> 0.026540235 | H12: =varicella!H12/'[1]population2005-2024'!$B$2 -> 0.025472822 | I12: =varicella!I12/'[1]population2005-2024'!$B$2 -> 0.020425929 | ... U12: =varicella!U12/'[1]population2005-2024'!$B$2 -> 0.02771128
A13: 15-19 | B13: =varicella!B13/'[1]population2005-2024'!$B$2 -> 0.0061661226 | C13: =varicella!C13/'[1]population2005-2024'!$B$2 -> 0.0066946474 | D13: =varicella!D13/'[1]population2005-2024'!$B$2 -> 0.0073889839 | E13: =varicella!E13/'[1]population2005-2024'!$B$2 -> 0.0061039432 | F13: =varicella!F13/'[1]population2005-2024'!$B$2 -> 0.0067568268 | G13: =varicella!G13/'[1]population2005-2024'!$B$2 -> 0.0058344992 | H13: =varicella!H13/'[1]population2005-2024'!$B$2 -> 0.0067153739 | I13: =varicella!I13/'[1]population2005-2024'!$B$2 -> 0.0047463599 | ... U13: =varicella!U13/'[1]population2005-2024'!$B$2 -> 0.0029535209
A14: 20+ | B14: =varicella!B14/'[1]population2005-2024'!$B$2 -> 0.015461941 | C14: =varicella!C14/'[1]population2005-2024'!$B$2 -> 0.014695062 | D14: =varicella!D14/'[1]population2005-2024'!$B$2 -> 0.013606923 | E14: =varicella!E14/'[1]population2005-2024'!$B$2 -> 0.010218146 | F14: =varicella!F14/'[1]population2005-2024'!$B$2 -> 0.010611949 | G14: =varicella!G14/'[1]population2005-2024'!$B$2 -> 0.0092440023 | H14: =varicella!H14/'[1]population2005-2024'!$B$2 -> 0.0104565 | I14: =varicella!I14/'[1]population2005-2024'!$B$2 -> 0.008290585 | ... U14: =varicella!U14/'[1]population2005-2024'!$B$2 -> 0.002466449
