Workbook

Sheet contacts
B1: 0 | C1: 1 | D1: 2 | E1: 3 | F1: 4 | G1: 5 | H1: 6 | I1: 7 | J1: 8 | K1: 9 | L1: 10-14 | M1: 15-19 | N1: 20+
A2: 0 | B2: =INDEX([1]contacts!$A$1:$P$16,INT((ROW(B2)-2)/5)+1,INT((COLUMN(B2)-2)/5)+1)/5 -> 0.57053151 | C2: =INDEX([1]contacts!$A$1:$P$16,INT((ROW(C2)-2)/5)+1,INT((COLUMN(C2)-2)/5)+1)/5 -> 0.57053151 | D2: =INDEX([1]contacts!$A$1:$P$16,INT((ROW(D2)-2)/5)+1,INT((COLUMN(D2)-2)/5)+1)/5 -> 0.57053151 | E2: =INDEX([1]contacts!$A$1:$P$16,INT((ROW(E2)-2)/5)+1,INT((COLUMN(E2)-2)/5)+1)/5 -> 0.57053151 | F2: =INDEX([1]contacts!$A$1:$P$16,INT((ROW(F2)-2)/5)+1,INT((COLUMN(F2)-2)/5)+1)/5 -> 0.57053151 | G2: =INDEX([1]contacts!$A$1:$P$16,INT((ROW(G2)-2)/5)+1,INT((COLUMN(G2)-2)/5)+1)/5 -> 0.15760122 | H2: =INDEX([1]contacts!$A$1:$P$16,INT((ROW(H2)-2)/5)+1,INT((COLUMN(H2)-2)/5)+1)/5 -> 0.15760122 | I2: =INDEX([1]contacts!$A$1:$P$16,INT((ROW(I2)-2)/5)+1,INT((COLUMN(I2)-2)/5)+1)/5 -> 0.15760122 | ... M2: =INDEX([1]contacts!$A$1:$P$16,INT((ROW(M2)-2)/5)+1,INT((COLUMN(M2)-2)/5)+1)/5 -> 0.062645778 | N2: {=SUM(INDEX(contacts_original!$A$1:$O$15, INT((ROW(N2)-2)/5)+1, INT((COLUMN(N2)-2)/5)+1 + _xlfn.SEQUENCE(13,1,0,1)))} -> 4.8222265
A3: 1 | B3: =INDEX([1]contacts!$A$1:$P$16,INT((ROW(B3)-2)/5)+1,INT((COLUMN(B3)-2)/5)+1)/5 -> 0.57053151 | C3: =INDEX([1]contacts!$A$1:$P$16,INT((ROW(C3)-2)/5)+1,INT((COLUMN(C3)-2)/5)+1)/5 -> 0.57053151 | D3: =INDEX([1]contacts!$A$1:$P$16,INT((ROW(D3)-2)/5)+1,INT((COLUMN(D3)-2)/5)+1)/5 -> 0.57053151 | E3: =INDEX([1]contacts!$A$1:$P$16,INT((ROW(E3)-2)/5)+1,INT((COLUMN(E3)-2)/5)+1)/5 -> 0.57053151 | F3: =INDEX([1]contacts!$A$1:$P$16,INT((ROW(F3)-2)/5)+1,INT((COLUMN(F3)-2)/5)+1)/5 -> 0.57053151 | G3: =INDEX([1]contacts!$A$1:$P$16,INT((ROW(G3)-2)/5)+1,INT((COLUMN(G3)-2)/5)+1)/5 -> 0.15760122 | H3: =INDEX([1]contacts!$A$1:$P$16,INT((ROW(H3)-2)/5)+1,INT((COLUMN(H3)-2)/5)+1)/5 -> 0.15760122 | I3: =INDEX([1]contacts!$A$1:$P$16,INT((ROW(I3)-2)/5)+1,INT((COLUMN(I3)-2)/5)+1)/5 -> 0.15760122 | ... M3: =INDEX([1]contacts!$A$1:$P$16,INT((ROW(M3)-2)/5)+1,INT((COLUMN(M3)-2)/5)+1)/5 -> 0.062645778 | N3: {=SUM(INDEX(contacts_original!$A$1:$O$15, INT((ROW(N3)-2)/5)+1, INT((COLUMN(N3)-2)/5)+1 + _xlfn.SEQUENCE(13,1,0,1)))} -> 4.8222265
A4: 2 | B4: =INDEX([1]contacts!$A$1:$P$16,INT((ROW(B4)-2)/5)+1,INT((COLUMN(B4)-2)/5)+1)/5 -> 0.57053151 | C4: =INDEX([1]contacts!$A$1:$P$16,INT((ROW(C4)-2)/5)+1,INT((COLUMN(C4)-2)/5)+1)/5 -> 0.57053151 | D4: =INDEX([1]contacts!$A$1:$P$16,INT((ROW(D4)-2)/5)+1,INT((COLUMN(D4)-2)/5)+1)/5 -> 0.57053151 | E4: =INDEX([1]contacts!$A$1:$P$16,INT((ROW(E4)-2)/5)+1,INT((COLUMN(E4)-2)/5)+1)/5 -> 0.57053151 | F4: =INDEX([1]contacts!$A$1:$P$16,INT((ROW(F4)-2)/5)+1,INT((COLUMN(F4)-2)/5)+1)/5 -> 0.57053151 | G4: =INDEX([1]contacts!$A$1:$P$16,INT((ROW(G4)-2)/5)+1,INT((COLUMN(G4)-2)/5)+1)/5 -> 0.15760122 | H4: =INDEX([1]contacts!$A$1:$P$16,INT((ROW(H4)-2)/5)+1,INT((COLUMN(H4)-2)/5)+1)/5 -> 0.15760122 | I4: =INDEX([1]contacts!$A$1:$P$16,INT((ROW(I4)-2)/5)+1,INT((COLUMN(I4)-2)/5)+1)/5 -> 0.15760122 | ... M4: =INDEX([1]contacts!$A$1:$P$16,INT((ROW(M4)-2)/5)+1,INT((COLUMN(M4)-2)/5)+1)/5 -> 0.062645778 | N4: {=SUM(INDEX(contacts_original!$A$1:$O$15, INT((ROW(N4)-2)/5)+1, INT((COLUMN(N4)-2)/5)+1 + _xlfn.SEQUENCE(13,1,0,1)))} -> 4.8222265
A5: 3 | B5: =INDEX([1]contacts!$A$1:$P$16,INT((ROW(B5)-2)/5)+1,INT((COLUMN(B5)-2)/5)+1)/5 -> 0.57053151 | C5: =INDEX([1]contacts!$A$1:$P$16,INT((ROW(C5)-2)/5)+1,INT((COLUMN(C5)-2)/5)+1)/5 -> 0.57053151 | D5: =INDEX([1]contacts!$A$1:$P$16,INT((ROW(D5)-2)/5)+1,INT((COLUMN(D5)-2)/5)+1)/5 -> 0.57053151 | E5: =INDEX([1]contacts!$A$1:$P$16,INT((ROW(E5)-2)/5)+1,INT((COLUMN(E5)-2)/5)+1)/5 -> 0.57053151 | F5: =INDEX([1]contacts!$A$1:$P$16,INT((ROW(F5)-2)/5)+1,INT((COLUMN(F5)-2)/5)+1)/5 -> 0.57053151 | G5: =INDEX([1]contacts!$A$1:$P$16,INT((ROW(G5)-2)/5)+1,INT((COLUMN(G5)-2)/5)+1)/5 -> 0.15760122 | H5: =INDEX([1]contacts!$A$1:$P$16,INT((ROW(H5)-2)/5)+1,INT((COLUMN(H5)-2)/5)+1)/5 -> 0.15760122 | I5: =INDEX([1]contacts!$A$1:$P$16,INT((ROW(I5)-2)/5)+1,INT((COLUMN(I5)-2)/5)+1)/5 -> 0.15760122 | ... M5: =INDEX([1]contacts!$A$1:$P$16,INT((ROW(M5)-2)/5)+1,INT((COLUMN(M5)-2)/5)+1)/5 -> 0.062645778 | N5: {=SUM(INDEX(contacts_original!$A$1:$O$15, INT((ROW(N5)-2)/5)+1, INT((COLUMN(N5)-2)/5)+1 + _xlfn.SEQUENCE(13,1,0,1)))} -> 4.8222265
A6: 4 | B6: =INDEX([1]contacts!$A$1:$P$16,INT((ROW(B6)-2)/5)+1,INT((COLUMN(B6)-2)/5)+1)/5 -> 0.57053151 | C6: =INDEX([1]contacts!$A$1:$P$16,INT((ROW(C6)-2)/5)+1,INT((COLUMN(C6)-2)/5)+1)/5 -> 0.57053151 | D6: =INDEX([1]contacts!$A$1:$P$16,INT((ROW(D6)-2)/5)+1,INT((COLUMN(D6)-2)/5)+1)/5 -> 0.57053151 | E6: =INDEX([1]contacts!$A$1:$P$16,INT((ROW(E6)-2)/5)+1,INT((COLUMN(E6)-2)/5)+1)/5 -> 0.57053151 | F6: =INDEX([1]contacts!$A$1:$P$16,INT((ROW(F6)-2)/5)+1,INT((COLUMN(F6)-2)/5)+1)/5 -> 0.57053151 | G6: =INDEX([1]contacts!$A$1:$P$16,INT((ROW(G6)-2)/5)+1,INT((COLUMN(G6)-2)/5)+1)/5 -> 0.15760122 | H6: =INDEX([1]contacts!$A$1:$P$16,INT((ROW(H6)-2)/5)+1,INT((COLUMN(H6)-2)/5)+1)/5 -> 0.15760122 | I6: =INDEX([1]contacts!$A$1:$P$16,INT((ROW(I6)-2)/5)+1,INT((COLUMN(I6)-2)/5)+1)/5 -> 0.15760122 | ... M6: =INDEX([1]contacts!$A$1:$P$16,INT((ROW(M6)-2)/5)+1,INT((COLUMN(M6)-2)/5)+1)/5 -> 0.062645778 | N6: {=SUM(INDEX(contacts_original!$A$1:$O$15, INT((ROW(N6)-2)/5)+1, INT((COLUMN(N6)-2)/5)+1 + _xlfn.SEQUENCE(13,1,0,1)))} -> 4.8222265
A7: 5 | B7: =INDEX([1]contacts!$A$1:$P$16,INT((ROW(B7)-2)/5)+1,INT((COLUMN(B7)-2)/5)+1)/5 -> 0.14959756 | C7: =INDEX([1]contacts!$A$1:$P$16,INT((ROW(C7)-2)/5)+1,INT((COLUMN(C7)-2)/5)+1)/5 -> 0.14959756 | D7: =INDEX([1]contacts!$A$1:$P$16,INT((ROW(D7)-2)/5)+1,INT((COLUMN(D7)-2)/5)+1)/5 -> 0.14959756 | E7: =INDEX([1]contacts!$A$1:$P$16,INT((ROW(E7)-2)/5)+1,INT((COLUMN(E7)-2)/5)+1)/5 -> 0.14959756 | F7: =INDEX([1]contacts!$A$1:$P$16,INT((ROW(F7)-2)/5)+1,INT((COLUMN(F7)-2)/5)+1)/5 -> 0.14959756 | G7: =INDEX([1]contacts!$A$1:$P$16,INT((ROW(G7)-2)/5)+1,INT((COLUMN(G7)-2)/5)+1)/5 -> 0.80416417 | H7: =INDEX([1]contacts!$A$1:$P$16,INT((ROW(H7)-2)/5)+1,INT((COLUMN(H7)-2)/5)+1)/5 -> 0.80416417 | I7: =INDEX([1]contacts!$A$1:$P$16,INT((ROW(I7)-2)/5)+1,INT((COLUMN(I7)-2)/5)+1)/5 -> 0.80416417 | ... M7: =INDEX([1]contacts!$A$1:$P$16,INT((ROW(M7)-2)/5)+1,INT((COLUMN(M7)-2)/5)+1)/5 -> 0.15644692 | N7: {=SUM(INDEX(contacts_original!$A$1:$O$15, INT((ROW(N7)-2)/5)+1, INT((COLUMN(N7)-2)/5)+1 + _xlfn.SEQUENCE(13,1,0,1)))} -> 4.9326734
A8: 6 | B8: =INDEX([1]contacts!$A$1:$P$16,INT((ROW(B8)-2)/5)+1,INT((COLUMN(B8)-2)/5)+1)/5 -> 0.14959756 | C8: =INDEX([1]contacts!$A$1:$P$16,INT((ROW(C8)-2)/5)+1,INT((COLUMN(C8)-2)/5)+1)/5 -> 0.14959756 | D8: =INDEX([1]contacts!$A$1:$P$16,INT((ROW(D8)-2)/5)+1,INT((COLUMN(D8)-2)/5)+1)/5 -> 0.14959756 | E8: =INDEX([1]contacts!$A$1:$P$16,INT((ROW(E8)-2)/5)+1,INT((COLUMN(E8)-2)/5)+1)/5 -> 0.14959756 | F8: =INDEX([1]contacts!$A$1:$P$16,INT((ROW(F8)-2)/5)+1,INT((COLUMN(F8)-2)/5)+1)/5 -> 0.14959756 | G8: =INDEX([1]contacts!$A$1:$P$16,INT((ROW(G8)-2)/5)+1,INT((COLUMN(G8)-2)/5)+1)/5 -> 0.80416417 | H8: =INDEX([1]contacts!$A$1:$P$16,INT((ROW(H8)-2)/5)+1,INT((COLUMN(H8)-2)/5)+1)/5 -> 0.80416417 | I8: =INDEX([1]contacts!$A$1:$P$16,INT((ROW(I8)-2)/5)+1,INT((COLUMN(I8)-2)/5)+1)/5 -> 0.80416417 | ... M8: =INDEX([1]contacts!$A$1:$P$16,INT((ROW(M8)-2)/5)+1,INT((COLUMN(M8)-2)/5)+1)/5 -> 0.15644692 | N8: {=SUM(INDEX(contacts_original!$A$1:$O$15, INT((ROW(N8)-2)/5)+1, INT((COLUMN(N8)-2)/5)+1 + _xlfn.SEQUENCE(13,1,0,1)))} -> 4.9326734
A9: 7 | B9: =INDEX([1]contacts!$A$1:$P$16,INT((ROW(B9)-2)/5)+1,INT((COLUMN(B9)-2)/5)+1)/5 -> 0.14959756 | C9: =INDEX([1]contacts!$A$1:$P$16,INT((ROW(C9)-2)/5)+1,INT((COLUMN(C9)-2)/5)+1)/5 -> 0.14959756 | D9: =INDEX([1]contacts!$A$1:$P$16,INT((ROW(D9)-2)/5)+1,INT((COLUMN(D9)-2)/5)+1)/5 -> 0.14959756 | E9: =INDEX([1]contacts!$A$1:$P$16,INT((ROW(E9)-2)/5)+1,INT((COLUMN(E9)-2)/5)+1)/5 -> 0.14959756 | F9: =INDEX([1]contacts!$A$1:$P$16,INT((ROW(F9)-2)/5)+1,INT((COLUMN(F9)-2)/5)+1)/5 -> 0.14959756 | G9: =INDEX([1]contacts!$A$1:$P$16,INT((ROW(G9)-2)/5)+1,INT((COLUMN(G9)-2)/5)+1)/5 -> 0.80416417 | H9: =INDEX([1]contacts!$A$1:$P$16,INT((ROW(H9)-2)/5)+1,INT((COLUMN(H9)-2)/5)+1)/5 -> 0.80416417 | I9: =INDEX([1]contacts!$A$1:$P$16,INT((ROW(I9)-2)/5)+1,INT((COLUMN(I9)-2)/5)+1)/5 -> 0.80416417 | ... M9: =INDEX([1]contacts!$A$1:$P$16,INT((ROW(M9)-2)/5)+1,INT((COLUMN(M9)-2)/5)+1)/5 -> 0.15644692 | N9: {=SUM(INDEX(contacts_original!$A$1:$O$15, INT((ROW(N9)-2)/5)+1, INT((COLUMN(N9)-2)/5)+1 + _xlfn.SEQUENCE(13,1,0,1)))} -> 4.9326734
A10: 8 | B10: =INDEX([1]contacts!$A$1:$P$16,INT((ROW(B10)-2)/5)+1,INT((COLUMN(B10)-2)/5)+1)/5 -> 0.14959756 | C10: =INDEX([1]contacts!$A$1:$P$16,INT((ROW(C10)-2)/5)+1,INT((COLUMN(C10)-2)/5)+1)/5 -> 0.14959756 | D10: =INDEX([1]contacts!$A$1:$P$16,INT((ROW(D10)-2)/5)+1,INT((COLUMN(D10)-2)/5)+1)/5 -> 0.14959756 | E10: =INDEX([1]contacts!$A$1:$P$16,INT((ROW(E10)-2)/5)+1,INT((COLUMN(E10)-2)/5)+1)/5 -> 0.14959756 | F10: =INDEX([1]contacts!$A$1:$P$16,INT((ROW(F10)-2)/5)+1,INT((COLUMN(F10)-2)/5)+1)/5 -> 0.14959756 | G10: =INDEX([1]contacts!$A$1:$P$16,INT((ROW(G10)-2)/5)+1,INT((COLUMN(G10)-2)/5)+1)/5 -> 0.80416417 | H10: =INDEX([1]contacts!$A$1:$P$16,INT((ROW(H10)-2)/5)+1,INT((COLUMN(H10)-2)/5)+1)/5 -> 0.80416417 | I10: =INDEX([1]contacts!$A$1:$P$16,INT((ROW(I10)-2)/5)+1,INT((COLUMN(I10)-2)/5)+1)/5 -> 0.80416417 | ... M10: =INDEX([1]contacts!$A$1:$P$16,INT((ROW(M10)-2)/5)+1,INT((COLUMN(M10)-2)/5)+1)/5 -> 0.15644692 | N10: {=SUM(INDEX(contacts_original!$A$1:$O$15, INT((ROW(N10)-2)/5)+1, INT((COLUMN(N10)-2)/5)+1 + _xlfn.SEQUENCE(13,1,0,1)))} -> 4.9326734
A11: 9 | B11: =INDEX([1]contacts!$A$1:$P$16,INT((ROW(B11)-2)/5)+1,INT((COLUMN(B11)-2)/5)+1)/5 -> 0.14959756 | C11: =INDEX([1]contacts!$A$1:$P$16,INT((ROW(C11)-2)/5)+1,INT((COLUMN(C11)-2)/5)+1)/5 -> 0.14959756 | D11: =INDEX([1]contacts!$A$1:$P$16,INT((ROW(D11)-2)/5)+1,INT((COLUMN(D11)-2)/5)+1)/5 -> 0.14959756 | E11: =INDEX([1]contacts!$A$1:$P$16,INT((ROW(E11)-2)/5)+1,INT((COLUMN(E11)-2)/5)+1)/5 -> 0.14959756 | F11: =INDEX([1]contacts!$A$1:$P$16,INT((ROW(F11)-2)/5)+1,INT((COLUMN(F11)-2)/5)+1)/5 -> 0.14959756 | G11: =INDEX([1]contacts!$A$1:$P$16,INT((ROW(G11)-2)/5)+1,INT((COLUMN(G11)-2)/5)+1)/5 -> 0.80416417 | H11: =INDEX([1]contacts!$A$1:$P$16,INT((ROW(H11)-2)/5)+1,INT((COLUMN(H11)-2)/5)+1)/5 -> 0.80416417 | I11: =INDEX([1]contacts!$A$1:$P$16,INT((ROW(I11)-2)/5)+1,INT((COLUMN(I11)-2)/5)+1)/5 -> 0.80416417 | ... M11: =INDEX([1]contacts!$A$1:$P$16,INT((ROW(M11)-2)/5)+1,INT((COLUMN(M11)-2)/5)+1)/5 -> 0.15644692 | N11: {=SUM(INDEX(contacts_original!$A$1:$O$15, INT((ROW(N11)-2)/5)+1, INT((COLUMN(N11)-2)/5)+1 + _xlfn.SEQUENCE(13,1,0,1)))} -> 4.9326734
A12: 10-14 | B12: =INDEX([1]contacts!$A$1:$P$16,INT((ROW(B12)-2)/5)+1,INT((COLUMN(B12)-2)/5)+1)/5 -> 0.036383572 | C12: =INDEX([1]contacts!$A$1:$P$16,INT((ROW(C12)-2)/5)+1,INT((COLUMN(C12)-2)/5)+1)/5 -> 0.036383572 | D12: =INDEX([1]contacts!$A$1:$P$16,INT((ROW(D12)-2)/5)+1,INT((COLUMN(D12)-2)/5)+1)/5 -> 0.036383572 | E12: =INDEX([1]contacts!$A$1:$P$16,INT((ROW(E12)-2)/5)+1,INT((COLUMN(E12)-2)/5)+1)/5 -> 0.036383572 | F12: =INDEX([1]contacts!$A$1:$P$16,INT((ROW(F12)-2)/5)+1,INT((COLUMN(F12)-2)/5)+1)/5 -> 0.036383572 | G12: =INDEX([1]contacts!$A$1:$P$16,INT((ROW(G12)-2)/5)+1,INT((COLUMN(G12)-2)/5)+1)/5 -> 0.25597003 | H12: =INDEX([1]contacts!$A$1:$P$16,INT((ROW(H12)-2)/5)+1,INT((COLUMN(H12)-2)/5)+1)/5 -> 0.25597003 | I12: =INDEX([1]contacts!$A$1:$P$16,INT((ROW(I12)-2)/5)+1,INT((COLUMN(I12)-2)/5)+1)/5 -> 0.25597003 | ... M12: =INDEX([1]contacts!$A$1:$P$16,INT((ROW(M12)-2)/5)+1,INT((COLUMN(M12)-2)/5)+1)/5 -> 1.1920094 | N12: {=SUM(INDEX(contacts_original!$A$1:$O$15, INT((ROW(N12)-2)/5)+1, INT((COLUMN(N12)-2)/5)+1 + _xlfn.SEQUENCE(13,1,0,1)))} -> 10.234439
A13: 15-19 | B13: =INDEX([1]contacts!$A$1:$P$16,INT((ROW(B13)-2)/5)+1,INT((COLUMN(B13)-2)/5)+1)/5 -> 0.036383572 | C13: =INDEX([1]contacts!$A$1:$P$16,INT((ROW(C13)-2)/5)+1,INT((COLUMN(C13)-2)/5)+1)/5 -> 0.036383572 | D13: =INDEX([1]contacts!$A$1:$P$16,INT((ROW(D13)-2)/5)+1,INT((COLUMN(D13)-2)/5)+1)/5 -> 0.036383572 | E13: =INDEX([1]contacts!$A$1:$P$16,INT((ROW(E13)-2)/5)+1,INT((COLUMN(E13)-2)/5)+1)/5 -> 0.036383572 | F13: =INDEX([1]contacts!$A$1:$P$16,INT((ROW(F13)-2)/5)+1,INT((COLUMN(F13)-2)/5)+1)/5 -> 0.036383572 | G13: =INDEX([1]contacts!$A$1:$P$16,INT((ROW(G13)-2)/5)+1,INT((COLUMN(G13)-2)/5)+1)/5 -> 0.25597003 | H13: =INDEX([1]contacts!$A$1:$P$16,INT((ROW(H13)-2)/5)+1,INT((COLUMN(H13)-2)/5)+1)/5 -> 0.25597003 | I13: =INDEX([1]contacts!$A$1:$P$16,INT((ROW(I13)-2)/5)+1,INT((COLUMN(I13)-2)/5)+1)/5 -> 0.25597003 | ... M13: =INDEX([1]contacts!$A$1:$P$16,INT((ROW(M13)-2)/5)+1,INT((COLUMN(M13)-2)/5)+1)/5 -> 1.1920094 | N13: {=SUM(INDEX(contacts_original!$A$1:$O$15, INT((ROW(N13)-2)/5)+1, INT((COLUMN(N13)-2)/5)+1 + _xlfn.SEQUENCE(13,1,0,1)))} -> 10.234439
A14: 20+ | B14: {=SUM(INDEX(contacts_original!$A$1:$O$15, INT((ROW(B14)-2)/5)+1+_xlfn.SEQUENCE(13,1,0,1), INT((COLUMN(B14)/5)+1)))} -> 4.9184519 | C14: {=SUM(INDEX(contacts_original!$A$1:$O$15, INT((ROW(C14)-2)/5)+1+_xlfn.SEQUENCE(13,1,0,1), INT((COLUMN(C14)/5)+1)))} -> 4.9184519 | D14: {=SUM(INDEX(contacts_original!$A$1:$O$15, INT((ROW(D14)-2)/5)+1+_xlfn.SEQUENCE(13,1,0,1), INT((COLUMN(D14)/5)+1)))} -> 4.9184519 | E14: {=SUM(INDEX(contacts_original!$A$1:$O$15, INT((ROW(E14)-2)/5)+1+_xlfn.SEQUENCE(13,1,0,1), INT((COLUMN(E14)/5)+1)))} -> 7.9834253 | F14: {=SUM(INDEX(contacts_original!$A$1:$O$15, INT((ROW(F14)-2)/5)+1+_xlfn.SEQUENCE(13,1,0,1), INT((COLUMN(F14)/5)+1)))} -> 7.9834253 | G14: {=SUM(INDEX(contacts_original!$A$1:$O$15, INT((ROW(G14)-2)/5)+1+_xlfn.SEQUENCE(13,1,0,1), INT((COLUMN(G14)/5)+1)))} -> 7.9834253 | H14: {=SUM(INDEX(contacts_original!$A$1:$O$15, INT((ROW(H14)-2)/5)+1+_xlfn.SEQUENCE(13,1,0,1), INT((COLUMN(H14)/5)+1)))} -> 7.9834253 | I14: {=SUM(INDEX(contacts_original!$A$1:$O$15, INT((ROW(I14)-2)/5)+1+_xlfn.SEQUENCE(13,1,0,1), INT((COLUMN(I14)/5)+1)))} -> 7.9834253 | ... M14: {=SUM(INDEX(contacts_original!$A$1:$O$15, INT((ROW(M14)-2)/5)+1+_xlfn.SEQUENCE(13,1,0,1), INT((COLUMN(M14)/5)+1)))} -> 14.188927 | N14: =SUM(contacts_original!E5:P16)/(ROW(P16)-ROW(E5)) -> 10.613871

Sheet contacts_original
A1: 2.8526576 | B1: 0.78800612 | C1: 0.31322889 | D1: 0.22886156 | E1: 0.2976716 | F1: 0.56570217 | G1: 0.90953883 | H1: 0.87511219 | I1: 0.48864817 | J1: 0.23990513 | K1: 0.26057923 | L1: 0.25934327 | M1: 0.17028861 | N1: 0.13391032 | O1: 0.079436542 | P1: 0.045978535
A2: 0.74798781 | B2: 4.0208208 | C2: 0.78223461 | D2: 0.24268957 | E2: 0.14611109 | F2: 0.37342154 | G2: 0.73954666 | H2: 0.86750188 | I2: 0.75275046 | J2: 0.28946761 | K2: 0.19506387 | L2: 0.20372244 | M2: 0.16331514 | N2: 0.12056695 | O2: 0.056281598 | P2: 0.048207318
A3: 0.18191786 | B3: 1.2798501 | C3: 5.9600472 | D3: 0.69248402 | E3: 0.24347758 | F3: 0.22612467 | G3: 0.40213238 | H3: 0.71137797 | I3: 0.88052543 | J3: 0.43559459 | K3: 0.26262161 | L3: 0.15835814 | M3: 0.091671959 | N3: 0.097314634 | O3: 0.072708421 | P3: 0.063107975
A4: 0.12145289 | B4: 0.29268864 | C4: 2.2298211 | D4: 8.5350145 | E4: 1.2008019 | F4: 0.58575467 | G4: 0.53070392 | H4: 0.77994086 | I4: 0.94906997 | J4: 0.90787976 | K4: 0.49520391 | L4: 0.18591334 | M4: 0.081365553 | N4: 0.067253392 | O4: 0.039371842 | P4: 0.031470623
A5: 0.17751243 | B5: 0.16583529 | C5: 0.2207811 | D5: 1.9775161 | E5: 3.639141 | F5: 1.571688 | G5: 1.1589633 | H5: 1.0934859 | I5: 0.90537615 | J5: 1.0587217 | K5: 0.74886287 | L5: 0.34467535 | M5: 0.098531104 | N5: 0.059718214 | O5: 0.064247912 | P5: 0.056958676
A6: 0.39218158 | B6: 0.23757915 | C6: 0.12827032 | D6: 0.68081183 | E6: 1.8083294 | F6: 3.1029571 | G6: 1.7513249 | H6: 1.4413031 | I6: 1.1691689 | J6: 0.92641134 | K6: 0.89860931 | L6: 0.42985172 | M6: 0.1534993 | N6: 0.073769742 | O6: 0.03649815 | P6: 0.031227543
A7: 0.67747152 | B7: 0.9038542 | C7: 0.60629487 | D7: 0.46536487 | E7: 1.0240332 | F7: 1.7532163 | G7: 3.2431698 | H7: 2.119244 | I7: 1.4963843 | J7: 1.0723194 | K7: 0.81885118 | L7: 0.54499399 | M7: 0.29025695 | N7: 0.14995 | O7: 0.074615491 | P7: 0.069263656
A8: 0.75169102 | B8: 1.0965878 | C8: 0.89633451 | D8: 0.70669526 | E8: 0.76026794 | F8: 1.4008299 | G8: 1.9971905 | H8: 3.5338865 | I8: 2.2067575 | J8: 1.296345 | K8: 0.87342187 | L8: 0.44229664 | M8: 0.355679 | N8: 0.25366271 | O8: 0.14094537 | P8: 0.056503283
A9: 0.34661399 | B9: 0.69069098 | C9: 0.8804341 | D9: 1.1165359 | E9: 0.88697013 | F9: 1.1668795 | G9: 1.6395512 | H9: 1.9535928 | I9: 2.8532759 | J9: 1.5510061 | K9: 1.013049 | L9: 0.27628156 | M9: 0.20966305 | N9: 0.1583141 | O9: 0.10815004 | P9: 0.054167718
A10: 0.34522465 | B10: 0.44173526 | C10: 0.51001351 | D10: 1.3317247 | E10: 0.80129623 | F10: 0.90582148 | G10: 1.1905705 | H10: 1.404038 | I10: 1.4374609 | J10: 1.8381936 | K10: 0.94320265 | L10: 0.30763748 | M10: 0.14336731 | N10: 0.097296709 | O10: 0.085230351 | P10: 0.086354402
A11: 0.2622521 | B11: 0.58356375 | C11: 0.84598085 | D11: 1.2209472 | E11: 0.95768958 | F11: 1.1752762 | G11: 1.1450043 | H11: 1.164199 | I11: 1.4609565 | J11: 1.5074753 | K11: 1.6663362 | L11: 0.65595196 | M11: 0.27842167 | N11: 0.1509188 | O11: 0.10138093 | P11: 0.10343785
A12: 0.64352242 | B12: 0.82160347 | C12: 0.67759722 | D12: 0.92463611 | E12: 0.71435279 | F12: 1.1400318 | G12: 1.2261992 | H12: 0.903948 | I12: 0.83918521 | J12: 0.67435614 | K12: 0.98316185 | L12: 1.7413958 | M12: 0.66513398 | N12: 0.34069052 | O12: 0.16505308 | P12: 0.12997505
... A16: 0.30451587 | B16: 0.42430604 | C16: 0.63359165 | D16: 0.53087054 | E16: 0.20912425 | F16: 0.23115246 | G16: 0.39870759 | H16: 0.50388469 | I16: 0.5487493 | J16: 0.59575964 | K16: 0.61562289 | L16: 0.4325137 | M16: 0.29998476 | N16: 0.43147441 | O16: 0.36104111 | P16: 0.55053042
