Workbook

Sheet deaths
A1: Year | B1: Cases
A2: 2000 | B2: 135601
A3: 2001 | B3: 132183
A4: 2002 | B4: 132833
A5: 2003 | B5: 135823
A6: 2004 | B6: 132492
A7: 2005 | B7: 135732
A8: 2006 | B8: 131603
A9: 2007 | B9: 132938
A10: 2008 | B10: 130027
A11: 2009 | B11: 130414
A12: 2010 | B12: 130456
A13: 2011 | B13: 128795
... A27: 2025 | B27: 124200

Sheet weekly_data
A1: week | B1: 2026 | C1: 2025 | D1: 2021–2025 mean
A2: 1 | B2: 2772 | C2: 3001 | D2: 2986
A3: 2 | B3: 2902 | C3: 3096 | D3: 2909
A4: 3 | B4: 2783 | C4: 2850 | D4: 2838
A5: 4 | B5: 2690 | C5: 2896 | D5: 2774
A6: 5 | B6: 2725 | C6: 2870 | D6: 2861
A7: 6 | B7: 2671 | C7: 2652 | D7: 2844
A8: 7 | B8: 2602 | C8: 2712 | D8: 2850
A9: 8 | B9: 2471 | C9: 2825 | D9: 2879
A10: 9 | B10: 2487 | C10: 2891 | D10: 2859
A11: 10 | B11: 2354 | C11: 2755 | D11: 2890
A12: 11 | B12: 2439 | C12: 2660 | D12: 3017
A13: 12 | B13: 2130 | C13: 2463 | D13: 2973
A14: 13 | C14: 2429 | D14: 2948
A15: 14 | C15: 2394 | D15: 2830
A16: 15 | C16: 2350 | D16: 2646
A17: 16 | C17: 2295 | D17: 2548
A18: 17 | C18: 2255 | D18: 2481
A19: 18 | C19: 2276 | D19: 2416
A20: 19 | C20: 2245 | D20: 2321
A21: 20 | C21: 2241 | D21: 2287
A22: 21 | C22: 2271 | D22: 2265
A23: 22 | C23: 2307 | D23: 2288
A24: 23 | C24: 2371 | D24: 2295
A25: 24 | C25: 2073 | D25: 2147
... A53: 52 | C53: 2579 | D53: 2938

Sheet weekly_rates
A1: week | B1: rates
A2: 1 | B2: =weekly_data!D2/(SUM(weekly_data!D$2:D$53)) -> 0.022309388
A3: 2 | B3: =weekly_data!D3/(SUM(weekly_data!D$2:D$53)) -> 0.021734095
A4: 3 | B4: =weekly_data!D4/(SUM(weekly_data!D$2:D$53)) -> 0.021203631
A5: 4 | B5: =weekly_data!D5/(SUM(weekly_data!D$2:D$53)) -> 0.020725466
A6: 5 | B6: =weekly_data!D6/(SUM(weekly_data!D$2:D$53)) -> 0.021375472
A7: 6 | B7: =weekly_data!D7/(SUM(weekly_data!D$2:D$53)) -> 0.021248459
A8: 7 | B8: =weekly_data!D8/(SUM(weekly_data!D$2:D$53)) -> 0.021293287
A9: 8 | B9: =weekly_data!D9/(SUM(weekly_data!D$2:D$53)) -> 0.021509956
A10: 9 | B10: =weekly_data!D10/(SUM(weekly_data!D$2:D$53)) -> 0.021360529
A11: 10 | B11: =weekly_data!D11/(SUM(weekly_data!D$2:D$53)) -> 0.02159214
A12: 11 | B12: =weekly_data!D12/(SUM(weekly_data!D$2:D$53)) -> 0.022540999
A13: 12 | B13: =weekly_data!D13/(SUM(weekly_data!D$2:D$53)) -> 0.02221226
... A53: 52 | B53: =weekly_data!D53/(SUM(weekly_data!D$2:D$53)) -> 0.021950764
A54: 53 | B54: 0
